治理工艺,anomaly_count,total,anomaly_ratio
烧结机头,18934,460800,0.04108940972222222
袋式除尘器,7742,642240,0.012054683607374191
转炉二次,801,82080,0.009758771929824562
