label_anomaly,ratio
0,0.9768150060753341
1,0.023184993924665855
