label_anomaly,ratio
0,0.9794769503546099
1,0.02052304964539007
