label_anomaly,ratio
0,0.9859027777777778
1,0.014097222222222223
