{
  "precision": 0.9257322175732218,
  "recall": 0.6053351573187414,
  "f1": 0.7320099255583127,
  "roc_auc": 0.969068522038101,
  "pr_auc": 0.8422306065848252,
  "tn": 149667,
  "fp": 71,
  "fn": 577,
  "tp": 885,
  "threshold": 0.5,
  "holdout_point": "二期2号高炉出铁"
}