{
  "precision": 0.8,
  "recall": 0.3225806451612903,
  "f1": 0.45977011494252873,
  "roc_auc": 0.8865284423521532,
  "pr_auc": 0.4614822641521284,
  "tn": 10013,
  "fp": 5,
  "fn": 42,
  "tp": 20,
  "threshold": 0.5,
  "holdout_point": "二期1#二次"
}