{
  "precision": 0.3888888888888889,
  "recall": 0.5645161290322581,
  "f1": 0.4605263157894737,
  "roc_auc": 0.834006852182201,
  "pr_auc": 0.4814212083309835,
  "tn": 9963,
  "fp": 55,
  "fn": 27,
  "tp": 35,
  "threshold": 0.5,
  "holdout_point": "二期1#二次"
}