precision,recall,f1,roc_auc,pr_auc,tn,fp,fn,tp,threshold,model_name,status
0.4014084507042254,0.5229357798165137,0.4541832669322709,0.8647985383044461,0.33646847761216003,8446,85,52,57,0.9441800629624534,logreg,ok
0.7924528301886793,0.3853211009174312,0.5185185185185185,0.919589537993653,0.5694549413937148,8520,11,67,42,0.5741802276672207,random_forest,ok
0.6808510638297872,0.5871559633027523,0.6305418719211823,0.9280336473885313,0.6080742231550809,8501,30,45,64,0.2886428470764506,hist_gbm,ok
