precision,recall,f1,roc_auc,pr_auc,tn,fp,fn,tp,threshold,model_name,status
0.39184952978056425,0.7142857142857143,0.5060728744939271,0.9213906270135597,0.5237199647907278,9783,194,50,125,0.8353296321929856,logreg,ok
0.8203125,0.6,0.693069306930693,0.95591517633414,0.7133297514515148,9954,23,70,105,0.529467324849614,random_forest,ok
0.7630057803468208,0.7542857142857143,0.7586206896551724,0.9722642076776586,0.7592284524338314,9936,41,43,132,0.23265388722524724,hist_gbm,ok
