{
  "run_args": {
    "config": "configs/default.yaml",
    "max_files": null,
    "full_data": true,
    "batch_size": 50,
    "resume_parse": true
  },
  "overview": {
    "file_count": 83,
    "point_count": 11,
    "process_count": 3,
    "rows": 1185120
  },
  "clean_stats": {
    "invalid_time_rows": 20160,
    "duplicate_rows_removed": 0
  },
  "label_summary": {
    "rows": 1185120,
    "anomaly_rows": 27477,
    "anomaly_ratio": 0.023184993924665855,
    "has_class_imbalance": true
  },
  "split_note": {
    "strategy": "按点位内时间顺序切分 train/val/test",
    "reason": "避免随机切分破坏时间依赖，同时覆盖所有点位的时段分布。"
  },
  "train_val_test_sizes": {
    "训练集 (train)": 829578,
    "验证集 (val)": 177774,
    "测试集 (test)": 177768
  },
  "models": [
    {
      "precision": 0.3461472455809164,
      "recall": 0.5401713979646492,
      "f1": 0.42192239305511975,
      "roc_auc": 0.8998644312457547,
      "pr_auc": 0.4362782242544925,
      "tn": 170224,
      "fp": 3810,
      "fn": 1717,
      "tp": 2017,
      "threshold": 0.8614191338644812,
      "model_name": "logreg",
      "status": "ok"
    },
    {
      "precision": 0.6662797446314568,
      "recall": 0.6148901981788967,
      "f1": 0.6395543175487465,
      "roc_auc": 0.9206816738966083,
      "pr_auc": 0.6613047745765417,
      "tn": 172884,
      "fp": 1150,
      "fn": 1438,
      "tp": 2296,
      "threshold": 0.30858869418344226,
      "model_name": "random_forest",
      "status": "ok"
    },
    {
      "precision": 0.8705607476635514,
      "recall": 0.49892876272094266,
      "f1": 0.634320735444331,
      "roc_auc": 0.9240182654222691,
      "pr_auc": 0.6496642930001391,
      "tn": 173757,
      "fp": 277,
      "fn": 1871,
      "tp": 1863,
      "threshold": 0.9070410643995159,
      "model_name": "lightgbm",
      "status": "ok"
    },
    {
      "precision": 0.9333333333333333,
      "recall": 0.5249062667380825,
      "f1": 0.6719232087761399,
      "roc_auc": 0.934085817804879,
      "pr_auc": 0.6995397017303719,
      "tn": 173894,
      "fp": 140,
      "fn": 1774,
      "tp": 1960,
      "threshold": 0.7056507985290298,
      "model_name": "hist_gbm",
      "status": "ok"
    }
  ]
}