{
  "run_args": {
    "config": "configs/default.yaml",
    "max_files": 6,
    "full_data": false,
    "batch_size": 20,
    "resume_parse": true
  },
  "overview": {
    "file_count": 5,
    "point_count": 6,
    "process_count": 2,
    "rows": 57600
  },
  "clean_stats": {
    "invalid_time_rows": 0,
    "duplicate_rows_removed": 0
  },
  "label_summary": {
    "rows": 57600,
    "anomaly_rows": 812,
    "anomaly_ratio": 0.014097222222222223,
    "has_class_imbalance": true
  },
  "split_note": {
    "strategy": "按点位内时间顺序切分 train/val/test",
    "reason": "避免随机切分破坏时间依赖，同时覆盖所有点位的时段分布。"
  },
  "models": [
    {
      "precision": 0.4014084507042254,
      "recall": 0.5229357798165137,
      "f1": 0.4541832669322709,
      "roc_auc": 0.8647985383044461,
      "pr_auc": 0.33646847761216003,
      "tn": 8446,
      "fp": 85,
      "fn": 52,
      "tp": 57,
      "threshold": 0.9441800629624534,
      "model_name": "logreg",
      "status": "ok"
    },
    {
      "precision": 0.7924528301886793,
      "recall": 0.3853211009174312,
      "f1": 0.5185185185185185,
      "roc_auc": 0.919589537993653,
      "pr_auc": 0.5694549413937148,
      "tn": 8520,
      "fp": 11,
      "fn": 67,
      "tp": 42,
      "threshold": 0.5741802276672207,
      "model_name": "random_forest",
      "status": "ok"
    },
    {
      "precision": 0.6808510638297872,
      "recall": 0.5871559633027523,
      "f1": 0.6305418719211823,
      "roc_auc": 0.9280336473885313,
      "pr_auc": 0.6080742231550809,
      "tn": 8501,
      "fp": 30,
      "fn": 45,
      "tp": 64,
      "threshold": 0.2886428470764506,
      "model_name": "hist_gbm",
      "status": "ok"
    }
  ]
}