{
  "overview": {
    "file_count": 5,
    "point_count": 7,
    "process_count": 2,
    "rows": 67680
  },
  "clean_stats": {
    "invalid_time_rows": 0,
    "duplicate_rows_removed": 0
  },
  "label_summary": {
    "rows": 67680,
    "anomaly_rows": 1389,
    "anomaly_ratio": 0.02052304964539007,
    "has_class_imbalance": true
  },
  "split_note": {
    "strategy": "按点位内时间顺序切分 train/val/test",
    "reason": "避免随机切分破坏时间依赖，同时覆盖所有点位的时段分布。"
  },
  "models": [
    {
      "precision": 0.39184952978056425,
      "recall": 0.7142857142857143,
      "f1": 0.5060728744939271,
      "roc_auc": 0.9213906270135597,
      "pr_auc": 0.5237199647907278,
      "tn": 9783,
      "fp": 194,
      "fn": 50,
      "tp": 125,
      "threshold": 0.8353296321929856,
      "model_name": "logreg",
      "status": "ok"
    },
    {
      "precision": 0.8203125,
      "recall": 0.6,
      "f1": 0.693069306930693,
      "roc_auc": 0.95591517633414,
      "pr_auc": 0.7133297514515148,
      "tn": 9954,
      "fp": 23,
      "fn": 70,
      "tp": 105,
      "threshold": 0.529467324849614,
      "model_name": "random_forest",
      "status": "ok"
    },
    {
      "precision": 0.7630057803468208,
      "recall": 0.7542857142857143,
      "f1": 0.7586206896551724,
      "roc_auc": 0.9722642076776586,
      "pr_auc": 0.7592284524338314,
      "tn": 9936,
      "fp": 41,
      "fn": 43,
      "tp": 132,
      "threshold": 0.23265388722524724,
      "model_name": "hist_gbm",
      "status": "ok"
    }
  ]
}