{
  "precision": 0.9333333333333333,
  "recall": 0.5249062667380825,
  "f1": 0.6719232087761399,
  "roc_auc": 0.934085817804879,
  "pr_auc": 0.6995397017303719,
  "tn": 173894,
  "fp": 140,
  "fn": 1774,
  "tp": 1960,
  "threshold": 0.7056507985290298,
  "model_name": "hist_gbm",
  "status": "ok"
}