{
  "precision": 0.7630057803468208,
  "recall": 0.7542857142857143,
  "f1": 0.7586206896551724,
  "roc_auc": 0.9722642076776586,
  "pr_auc": 0.7592284524338314,
  "tn": 9936,
  "fp": 41,
  "fn": 43,
  "tp": 132,
  "threshold": 0.23265388722524724,
  "model_name": "hist_gbm",
  "status": "ok"
}