{
  "precision": 0.6808510638297872,
  "recall": 0.5871559633027523,
  "f1": 0.6305418719211823,
  "roc_auc": 0.9280336473885313,
  "pr_auc": 0.6080742231550809,
  "tn": 8501,
  "fp": 30,
  "fn": 45,
  "tp": 64,
  "threshold": 0.2886428470764506,
  "model_name": "hist_gbm",
  "status": "ok"
}